Band	Timecode	Sprecher	Transkript	Übersetzung	Hauptüberschrift	Zwischenüberschrift	Hauptüberschrift (Übersetzung)	Zwischenüberschrift (Übersetzung)	Registerverknüpfungen	Anmerkungen	Anmerkungen (Übersetzung)
1	00:00:06.00	INT_AH	Können wir anfangen?		Schule, Familie, Arbeit, Repression				87580903#87580893#87580926		
1	00:00:06.00	INT_AH	Also wäre schön, wenn Sie mit Kindheit beginnen würden.								
1	00:00:12.00	IP_FA	Ich war das erste Enkelkind, einzige Enkelkind, lange Zeit und bin sehr verwöhnt worden, da ich ziemlich viel bei der Großmutter gewesen bin.								
1	00:00:16.00	IP_FA	Ich bin gebürtig aus Hemer im Sauerland und bin 29.5.25 geboren.								
1	00:00:43.00	IP_FA	Und, ja, Kindheit verlief eigentlich an und für sich normal, habe allerdings ziemlich unter Migräne zu leiden gehabt schon als Vorschulkind, was sich während der Schulzeit verschlechterte und verschlimmerte.								
1	00:01:00.00	IP_FA	Ich hätte gerne die höhere Schule besucht, durfte aber nicht, weil mir immer gesagt wurde, ich sei krank.								
1	00:01:07.00	IP_FA	Die Schulentlassung, also den Hauptschulabschluss, habe ich gemacht 1939.								
1	00:01:15.00	IP_FA	Und damals war das Pflichtjahr bzw. Haushaltsjahr, eh,  musste gema…, musste gemacht werden, ob man die Schule, äh, besuchte oder bevor man den Beruf ergreifen konnte, so.								
1	00:01:37.00	IP_FA	Und da meine Großeltern ziemlich, sagen wir mal, einen kleinen Dünkel hatten, durfte ich nicht in einen Einzelhaushalt, wie das üblich war, daher kam ich dann in ein Landjahr-Lager.								
1	00:01:52.00	INT_AH	Konnte man das denn beeinflussen, wo man hin kommt?								
1	00:01:54.00	IP_FA	Ja, direkt beeinflussen konnte man das insofern nicht, aber, wie gesagt, meine Großeltern, die wollten nicht, dass ich eben bei Bekannten, also in unserem Ort oder der Umgebung irgendwo als Dienstmädchen arbeitete.								
1	00:02:13.00	IP_FA	Also, wie gesagt, irgendwelche Vorurteile.								
1	00:02:16.00	IP_FA	Und daher dann eben das Landjahr-Lager und das war wieder von der Schule aus das gleich gemanagt, nicht.								
1	00:02:23.00	INT_AH	Sie sprechen von einem bestimmten Dünkel der Großeltern.								
1	00:02:27.00	INT_AH	Worauf …								
1	00:02:29.00	IP_FA	Äh, ja nun, ich hatte das eben nicht notwendig, nicht.								
1	00:02:33.00	IP_FA	Sie hatten halt alles, sie konnten mir alles bieten und fanden, dass ich eben es nicht nötig hätte, bei anderen Leuten als Dienstmädchen zu arbeiten.								
1	00:02:44.00	IP_FA	Was ich heute als Blödsinn betrachte, denn ich glaube viele, die eben dieses Haushaltsjahr gemacht haben und nicht im Lager gewesen sind, haben es leichter gehabt, als diejenigen, die eben im Landjahr-Lager gewesen sind.								
1	00:03:02.00	IP_FA	Denn im Landjahr-Lager, da war ja Lagerzeit und in den Somm…, in der Sommerzeit eben Erntezeit beim Bauern die schwere Arbeit.								
1	00:03:13.00	IP_FA	Und das war wesentlich schwerer als eben nur Haushalt.								
1	00:03:19.00	IP_FA	Denn Haushaltsarbeit war ja auch im Lager selber noch mit.								
1	00:03:23.00	IP_FA	Ja, und die Zeit hatte ich dann um und dann habe ich, bin ich ein halbes Jahr zuhause gewesen.								
1	00:03:33.00	INT_AH	Was haben denn Ihre Eltern gemacht?								
1	00:03:35.00	IP_FA	Eh, mein Vater, der war in Iserlohn bei der ..., wie nannte sich das damals, äh, ja Kreisorganisationsleiter bei der Arbeitsfront.								
1	00:03:53.00	IP_FA	Also so, sagen wir mal, Art wie heute die Gewerkschaft, so etwas ähnliches, ja?								
1	00:04:00.00	IP_FA	Mein Vater war aber gelernter Überseekaufmann.		Familie, Unternehmen, Zeiten, Daten				87580893#87580895#87580905		
1	00:04:04.00	INT_AH	Also war Ihr Vater damals schon gewerkschaftlich …								
1	00:04:08.00	IP_FA	Nein, also ...								
1	00:04:10.00	INT_AH	... orientiert, oder?								
1	00:04:11.00	IP_FA	Äh, Gott, der hat sich halt dafür interessiert und da als Überseekaufmann, man konnte damals, äh, schlecht ..., der wollte eigentlich nach Übersee gehen, nach, äh, in die südamerikanischen Länder, irgendwie, ach ja, es ist ja am Krieg gescheitert.								
1	00:04:28.00	IP_FA	Äh, die Firma, wo er gelernt hat, ist dann wohl pleite gegangen oder hat Konkurs gemacht, ich weiß es nicht mehr.								
1	00:04:37.00	IP_FA	Das war eine große Überseehandelsfirma.								
1	00:04:40.00	IP_FA	Ja, und dann hat mein Vater noch als Geschäftsführer gearbeitet, und meine Mutter war immer zuhause, nicht, hat bei meinen Großeltern im Hotel mitgeholfen.								
1	00:04:51.00	INT_AH	Und Sie waren lange …								
1	00:04:54.00	IP_FA	Und ich bin viel, also fast immer bei den Großeltern gewesen.								
1	00:04:59.00	IP_FA	Ich war immer Großmutters Kind.								
1	00:05:03.00	IP_FA	Ich möchte sagen, ich bin halt mehr da gewesen, als zu Hause, obwohl ich, sagen wir mal, in Affenliebe an meinem Vater hing.								
1	00:05:11.00	IP_FA	Zu meiner Mutter habe ich keine besondere Beziehung.								
1	00:05:15.00	IP_FA	In späteren Jahren war meine Mutter quasi ..., sagen wir mal, das war dann die Zeit, als ich aus dem Arbeitsdi…, aus dem Landjahr kam und erwachsen wurde, da war meine Mutter aufgrund des guten Kontaktes, den ich mit meinem Vater hatte, mit dem man Pferde stehlen konnte, eifersüchtig auf mich, nicht.								
1	00:05:41.00	IP_FA	Dann hatte ich noch ne Schwester, die war sechs Jahre jünger, die konnte allerdings ihre Ellenbogen brauchen, und die war auch hier so, sagen wir mal, Mutters Kind, wie man das öfter hat.								
1	00:05:52.00	INT_AH	War das Ihre einzige Schwester?								
1	00:05:54.00	IP_FA	Das war meine einzige Schwester, ja.								
1	00:05:56.00	IP_FA	Die lebt auch noch.								
1	00:05:57.00	IP_FA	Heute ist man, heute sind wir auseinander, aber heute verstehen wir uns halt, nicht.								
1	00:06:01.00	IP_FA	Aber damals ..., ich muss auch ganz ehrlich sagen, ich hab auch oft mal ungerecht für die ne Abreibung bezogen, und wir mussten immer, sagen wir mal, im Sommer mussten wir um 7 Uhr rein und im Winter halt um 6 mussten wir dann eben rein.								
1	00:06:18.00	IP_FA	Und wenn meine Mutter rief, ich stand schon an der Haustür, meine Schwester die kletterte dann über die Friedhofsmauer und verschwand im nächsten Baum und wurde dann nicht mehr gesehen.								
1	00:06:30.00	IP_FA	Und ich kriegte dann jedes Mal so zackzack ganz kurz entschlossen einen dafür, weil die nicht mitkam, ne.								
1	00:06:39.00	IP_FA	Ja, also dererlei Geschichten, ich meine, es ist unter Geschwister meistens halt, ne.								
1	00:06:45.00	IP_FA	Der Altersunterschied eben, und normalerweise bin ich ruhig gewesen und sagen wir mal, ziemlich verschlossen.								
1	00:06:55.00	IP_FA	Vielleicht auch durch die Krankheit bedingt, durch die Migräne, die ich immer gehabt habe.								
1	00:07:01.00	IP_FA	Ja dann hab ich, eh, Büro gelernt.		Arbeit, Repression, Arbeit, Verwaltung, Ausbildung, Lehre				87580926#87580909#87580913		
1	00:07:06.00	IP_FA	Schreibmaschine, Steno.								
1	00:07:09.00	INT_AH	Vor 39 noch?								
1	00:07:11.00	IP_FA	Nein, nach dem Landjahr.								
1	00:07:12.00	IP_FA	Das war 1940.								
1	00:07:15.00	IP_FA	Und hab mich dann ..., dann habe ich zwei Jahre Büroarbeit gemacht, dann habe ich …								
1	00:07:22.00	INT_AH	Was war das für ein Betrieb?								
1	00:07:23.00	IP_FA	Eh, das war die NSV.								
1	00:07:26.00	IP_FA	Das war Winterhilfswerk, so wie heute, ja die Hilfswerke sind, nicht.								
1	00:07:33.00	IP_FA	Also wurden Spendenaufrufe gemacht und Kleider gesammelt, eben unter dieser Organisation.								
1	00:07:41.00	IP_FA	Das gehört ja damals alles, war ja alles mehr oder weniger NS, ne.								
1	00:07:47.00	IP_FA	Und, ja, dann habe ich mich freiwillig zum Arbeitsdienst gemeldet, weil ich gerne von zu Hause weg wollte.								
1	00:07:55.00	IP_FA	Das war vielleicht im Unterbewusstsein, dass ich mal von zu Hause weg wollte, eben weil ich mich mit meiner Mutter nicht verstand.								
1	00:08:05.00	IP_FA	Obwohl meine Mutter totgut war, nicht, und auch sonst äußerst korrekt.								
1	00:08:12.00	IP_FA	Und, eh, ja dann hab ich mich halt gemeldet und bin dann auch im November ..., das war, November 42, bin ich dann zum ..., 41, 40, 41, nee 42, 42 bin ich denn ins ..., äh, nach Mülheim an der Möhne gekommen.						21895840		
1	00:08:43.00	IP_FA	Und, nun muss ich ganz ehrlich sagen, ich hab mich da sehr wohl gefühlt, das war ein sehr kleines Lager, das war ein ehemaliger ..., eh, wie nannte man das in der damaligen Zeit, ein Erbbauernhof, weiß ich nicht, ich glaube, dass, der ging dann immer auf Erbpacht auf 99 Jahre.								
1	00:09:08.00	IP_FA	Aber die alten Herrschaften waren verstorben und die Söhne waren gefallen, und dann hatte das der Arbeitsdienst übernommen, und die Ländereien, die waren, glaube ich, verkauft worden.								
1	00:09:20.00	IP_FA	Das weiß ich aber nicht.								
1	00:09:22.00	IP_FA	Und das war halt eben, dieser Hof wurde als Arbeitsdienstlager umgewandelt.								
1	00:09:28.00	IP_FA	Ja, und da muss ich sagen, hab ich mich sehr wohl gefühlt, obwohl ich doch verwöhnt war, und mir wirklich zuhause weder Schuhe putzen, noch ein Butterbrot schmieren oder sonst irgendwas.								
1	00:09:43.00	IP_FA	Also, wenn ich Wünsche hatte, was ich wollte, bekam ich.								
1	00:09:46.00	IP_FA	Und da hab ich das Arbeiten gelernt.								
1	00:09:51.00	IP_FA	Hab gelernt, zu teilen, aber das eigentlich schon im Landjahr.								
1	00:09:57.00	IP_FA	Das Landjahr war eigentlich härter noch, als der Arbeitsdienst im Jahr 39.								
1	00:10:04.00	INT_AH	Wie groß war denn die Gruppe in, eh, …								
1	00:10:07.00	IP_FA	Im Landjahr haben wir gehabt ungefähr, ich glaube, 70 waren wir da, während wir im Arbeitsdienst ich glaube so um die 35 bis 40 nur waren, also eine ganz kleine Gruppe.		Arbeit, Repression, Zeiten, Daten, Arbeit, Verwaltung				87580926#87580905#87580909		
1	00:10:22.00	IP_FA	Und da muss ich ehrlich sagen, also das war sehr schön.								
1	00:10:27.00	IP_FA	Schon alleine, die kleinere Gruppe.								
1	00:10:30.00	IP_FA	Ja …								
1	00:10:33.00	INT_AH	Wie war der Tagesablauf so?								
1	00:10:35.00	IP_FA	Der Tagesablauf, ja halt wecken, wie früher im Landjahr auch, um 6 Uhr wurde geweckt, im Winter um 7 Uhr, und dann war normalerweise Frühsport.								
1	00:10:49.00	IP_FA	Entweder sind wir ..., im Sommer haben wir draußen Frühsport gemacht und im Winter im ..., also wir haben schon mal einen Lauf gemacht oder so Freiübungen und im Winter, dann haben wir das halt im Hof nur so Freiübungen gemacht und keine Läufe.								
1	00:11:09.00	IP_FA	Das hat so vielleicht sagen wir mal 10 Minuten bis eine Viertelstunde.								
1	00:11:12.00	IP_FA	Und dann ging’s zum Waschen, in die Waschräume, in die Duschräume und anschließend war Frühstück.								
1	00:11:20.00	IP_FA	Ja nach dem Frühstück wurde dann die Arbeit verteilt.								
1	00:11:24.00	IP_FA	Die ersten 4 Wochen blieb man halt im Lager.								
1	00:11:27.00	IP_FA	Da wurde man vertraut gemacht mit eben all den Dingen, mit den Tageseinteilungen.								
1	00:11:33.00	IP_FA	Und dann wurde eingeteilt zum Hausdienst, also, sagen wir mal, sauber machen oder Waschküchengruppe, Bügelgruppe oder Küche und auch Verwaltungsarbeiten.								
1	00:11:50.00	IP_FA	Also im Büro mussten wir auch helfen.								
1	00:11:53.00	IP_FA	Eben, sagen wir mal, es wurde jeder getestet nach seinen Fähigkeiten und auch mehr oder weniger denn da eingesetzt.								
1	00:12:01.00	IP_FA	Er musste zwar alles lernen, er kam überall mit rein aber, ich meine, viele schimpfen auf den Arbeitsdienst und sagen, das war Mist, das war Blödsinn.								
1	00:12:15.00	IP_FA	Vielleicht lag’s an der Führung aber, wie gesagt, wir hatten das Glück, wir hatten ne wirklich, also sehr gute Führerin, die äußerst korrekt war.								
1	00:12:30.00	IP_FA	Also wirklich äußerst korrekt.								
1	00:12:32.00	IP_FA	Die weder Entgleisungen duldete, noch sich selbst, sagen wir mal, irgendwie gehen ließ.								
1	00:12:37.00	IP_FA	Die auch sah, wenn irgendwelche Ungerechtigkeiten waren.								
1	00:12:45.00	IP_FA	Zum Beispiel:								
1	00:12:46.00	IP_FA	Ich hatte mich mit einer angefreundet, die kam aus Osnabrück, auch aus reichem Haus.								
1	00:12:53.00	IP_FA	Der Vater war Fabrikant.								
1	00:12:55.00	IP_FA	War auch verwöhnt.								
1	00:12:57.00	IP_FA	Wir glichen uns im Charakter und auch im Aussehen.								
1	00:13:01.00	IP_FA	Wir waren beide, sagen wir mal, ein bisschen zurückhaltend und nicht ganz so, so aufgeschlossen vielleicht, wie andere.		Zeiten, Daten, Mobilität, Verrauscht 2				87580905#87580906#87580934		
1	00:13:10.00	IP_FA	Ein bisschen, sagen wir mal, verschlossen.								
1	00:13:13.00	IP_FA	Und wir beide waren Langsamesser.								
1	00:13:16.00	IP_FA	Während die anderen, wenn es Essen gab, es wurde ja gemeinsam gefrühstückt, es gab 2. Frühstück, es gab dann Mittagessen und nachmittags zum Kaffee gab’s auch nochmal ne Kleinigkeit und eben halt wieder Abendbrot.								
1	00:13:30.00	IP_FA	Während der Hauptmahlzeit hatte sie mitbekommen, dass wir beide Langsamesser waren, während die anderen alles schnell wegputzten.								
1	00:13:40.00	IP_FA	Es kam ja alles in Schüsseln auf den Tisch.								
1	00:13:43.00	IP_FA	Wenn wir dann das zweite Mal nachfassen wollten, dann war das schon weggeputzt.								
1	00:13:48.00	IP_FA	Und dann hat sie uns nachher so platziert, dass wir oben in unmittelbarer Nähe, die saßen vor Kopf an einem kleinen Tisch die 4 Führerinnen, und aßen aber das gleiche, wie wir, hatten auch die Schüsseln stehen.								
1	00:14:01.00	IP_FA	Aber die aßen meistens nicht leer.								
1	00:14:05.00	IP_FA	Dann hat sie uns da oben hingesetzt, sodass wir dann tatsächlich noch was von Ihnen dann dablieb, dass wir nochmal nachnehmen konnten.								
1	00:14:15.00	IP_FA	Obwohl es wirklich reichlich gab.								
1	00:14:17.00	IP_FA	Also wir haben keinen Hunger gehabt.								
1	00:14:19.00	IP_FA	Wir haben auch viel Sonderzuteilungen gekriegt, während des Krieges, nicht.								
1	00:14:25.00	IP_FA	Es gab mal Kaffee oder wenn’s mal Orangen gab, dann gab’s einen Rotwein, dann gab’s im Winter Glühwein.								
1	00:14:34.00	IP_FA	Und dann vergesse ich nie, wir mussten ..., eh, es war wohl der erste Ausgang, da sollten wir mit der Bahn ..., das ist noch eine alte Bahn, die fuhr von Belecke nach Soest.								
1	00:14:48.00	IP_FA	Da mussten wir nach Soest zum Fotografen für die Pässe.								
1	00:14:51.00	IP_FA	Und da waren sehr, sehr kaltes ..., früh, oder was, ich weiß nicht, ob es im Dezember oder Januar war.								
1	00:15:02.00	IP_FA	Da entgleiste, vielleicht so ein Kilometer nach dem Bahnhof Mülheim an der Möhne, entgleiste die Lokomotive, stürzte den Abhang runter, und die ersten, der Packwagen und der zweite Wagen, die kippten um.						21895840		
1	00:15:18.00	IP_FA	Und wir saßen im Letzten und haben uns natürlich auch die Köpfe eingedämmert und dergleichen.								
1	00:15:24.00	IP_FA	Ein Weiterfahren war ja nicht möglich dann.								
1	00:15:27.00	IP_FA	Dann haben wir erstmal geholfen, dass die Leute alle aus dem Zug kamen, da waren da noch Verwunderte dann, die von, ich glaube von Warstein nach Soest verlegt werden sollten.								
1	00:15:37.00	IP_FA	Und als wir dann durchgefroren und sagen wir mal mehr oder weniger doch angeschlagen, der eine hatte hier ne Beule, der andere hatte da ne Schramme ins Lager zurück kamen und sie das erfuhr, sie kam uns schon auf halben Weg entgegen, wir mussten ja jetzt ungefähr 2 Kilometer zurück laufen.								
1	00:15:59.00	IP_FA	Und das bei eisiger Kälte.								
1	00:16:01.00	IP_FA	Das war nämlich, die Schienen waren durch den Frost geborsten, ne.								
1	00:16:05.00	IP_FA	Dann kamen wir alle gleich ins Bett und dann ist, hat sie noch zwei oder drei anderen, die auch noch, die auch mit Unterführerinnen waren, haben uns Glühwein gemacht, ans Bett gebracht, haben gekocht für uns.								
1	00:16:26.00	IP_FA	Wir durften den ganzen Tag im Bett bleiben.		Arbeit, Repression, Mobilität, Sorgen				87580926#87580906#87580940		
1	00:16:28.00	IP_FA	Wir haben das Essen sogar ans Bett gebracht gekriegt.								
1	00:16:30.00	INT_AH	Haben sich richtig bemüht.								
1	00:16:31.00	IP_FA	Also, wir konnten wirklich [betont] den Tag genießen.								
1	00:16:34.00	IP_FA	Man konnte merken, dass sie, ja so für sie, sagen wir mal, ne Entlastung war, dass uns wirklich nichts Ernstes passiert war, ne.								
1	00:16:44.00	INT_AH	Wie alt war denn die Führerin?								
1	00:16:47.00	IP_FA	Ja, also das war schwer zu schätzen.								
1	00:16:50.00	IP_FA	Der Mann war Hauptmann und sie war ne, äh, wie soll ich sie nennen, auch ein bisschen verschlossene Frau.								
1	00:17:02.00	IP_FA	Sagen wir mal nicht ganz offenherzig, aber man konnte, wenn man irgendwas hatte, doch zu ihr hingehen, ja.								
1	00:17:13.00	IP_FA	Und, wie alt mag sie gewesen sein?								
1	00:17:19.00	IP_FA	Ich schätze vielleicht 34, 35.								
1	00:17:26.00	IP_FA	Sie war schwer zu schätzen, ne.								
1	00:17:30.00	IP_FA	Ich hab auch leider kein Foto von ihr.								
1	00:17:33.00	IP_FA	Ja, und dann wurden wir später eingesetzt eben in, wir kamen in Haushalte, in kinderreiche Haushalte, wo die Männer im Feld waren, wo die einzogen waren.								
1	00:17:48.00	IP_FA	Da mussten wir den Frauen helfen.								
1	00:17:50.00	IP_FA	Die Kinder mit versorgen.								
1	00:17:53.00	IP_FA	Oder auch zum Bauern, wo eben die Söhne bzw. Männer eingezogen waren, wo die Winterarbeit gemacht werden musste, denn da fällt ja auch beim Bauern was an.								
1	00:18:04.00	IP_FA	Und, ich muss ganz ehrlich sagen, ich hab im Landjahr und im Arbeitsdienst wirklich das gelernt, was ich zum Leben brauchte.								
1	00:18:15.00	IP_FA	Und ich weiß nicht, ob ich das Leben, wenn ich vielleicht zuhause geblieben wäre, so geschafft hätte, wie ich es dadurch geschafft habe.								
1	00:18:27.00	IP_FA	Denn ich habs wirklich nicht leicht gehabt.								
1	00:18:29.00	IP_FA	Ich hab dann nach dem Arbeitsdienst …								
1	00:18:33.00	INT_AH	Bleiben wir dann erst noch beim Arbeitsdienst.								
1	00:18:35.00	INT_AH	Sie sagten, im Haushalt haben Sie mitgeholfen und bei den benachbarten Bauern.								
1	00:18:41.00	INT_AH	Sie waren also so in unmittelbarer Nähe.								
1	00:18:43.00	IP_FA	Ja wir mussten mit dem Fahrrad, sagen wir mal so, ins nächste Dorf nach Allagen, nach Belecke.								
1	00:18:51.00	IP_FA	Also im näheren Umkreis, ne.		Ernährung, Zeiten, Daten, Ausbildung, Lehre				87580897#87580905#87580913		
1	00:18:55.00	IP_FA	Entweder zu Fuß oder mit dem Fahrrad.								
1	00:18:58.00	IP_FA	Wir hatten Fahrräder.								
1	00:19:00.00	IP_FA	Und ja, da musste halt eben die Arbeit mitgemacht werden, die die Leute alleine nicht schafften, ne.								
1	00:19:05.00	IP_FA	Ich sag ja, das erste was ich hatte, war diese Familie mit den neun Kindern, das Zehnte war unterwegs.								
1	00:19:13.00	IP_FA	Und da war viel Arbeit, da fiel viel Arbeit an.								
1	00:19:20.00	IP_FA	Schon alleine die Wäsche, denn früher gab’s ja keine elektrischen Waschmaschinen, nicht.								
1	00:19:25.00	IP_FA	Da wurde eben ein großer Teil mit der Hand gewaschen, auf dem Waschbrett oder aber mit dem Wassermotor.								
1	00:19:32.00	IP_FA	Wer den schon hatte, oder wer keinen Wassermotor hatte, da wurde die Waschmaschine ja noch mit der Hand gedreht, ne.								
1	00:19:38.00	IP_FA	Ja war’s denn mal wieder.								
1	00:19:42.00	IP_FA	Wir haben Bügeln gelernt.								
1	00:19:43.00	IP_FA	Wir haben Nähen gelernt.								
1	00:19:45.00	IP_FA	Wir haben unsere Sachen, sagen wir mal, stopfen müssen.								
1	00:19:50.00	IP_FA	Dies sind alles Dinge, die ich vielleicht nie gelernt hätte bzw. so schnell gelernt hätte, wenn ich zuhause geblieben wäre.								
1	00:20:02.00	IP_FA	Obwohl meine Mutter sämtliche Handarbeiten machte, die feinsten Löcher stopfte mit einem Faden nicht wie manche Frauen mit vier, nein mit einem.								
1	00:20:12.00	IP_FA	Aber ich brauchte das nicht [betont], also ich durfte das nicht, ich war ja krank.								
1	00:20:18.00	IP_FA	Ich war ja gar nicht krank.								
1	00:20:20.00	IP_FA	Die haben mich krank geredet.								
1	00:20:23.00	INT_AH	Und da hatten Sie auch Ihre, Ihre Migräne nicht.								
1	00:20:25.00	IP_FA	Da muss ich ehrlich sagen, da habe ich die Migräne ..., die ich wirklich früher als Schulkind und auch als Vorschulkind jede Woche wenigstens einmal über einen ganzen Tag so fürchterlich hatte, dass ich schon morgens erbrechen musste, bis nur noch Wasser und Galle kam.								
1	00:20:44.00	IP_FA	Die dann verschwindend wenig wurde.								
1	00:20:50.00	IP_FA	Die kam wohl nochmal, sagen wir mal einmal im Monat, zweimal im Monat aber nie mehr so häufig, wie früher.								
1	00:20:58.00	IP_FA	Das Schulzeug musste in Ordnung gehalten werden.								
1	00:21:04.00	IP_FA	Dann musste in der Familie mit den Kindern bei Schulaufgaben geholfen werden.								
1	00:21:10.00	IP_FA	Ja alle eben die Dinge, die ich bestimmt zuhause nicht gelernt hätte.								
1	00:21:16.00	INT_AH	Und dann beim Bauern noch, das was anfiel.		Ernährung, Zeiten, Daten, Sozialleben				87580897#87580905#87580916		
1	00:21:19.00	IP_FA	Ja und beim Bauern auch.								
1	00:21:20.00	IP_FA	Beim Bauern, Erntezeit war ja nicht, weil ich ja eben, wie gesagt, das Halbjahr Arbeitsdiensthalbjahr im Winter gemacht haben, da war ja dann mehr, sagen wir mal, da wurde geschlachtet.								
1	00:21:33.00	IP_FA	Da mussten wir beim Wurstmachen helfen.								
1	00:21:38.00	IP_FA	Ich hatte das zwar schon mal gesehen als Kind, weil Verwandte von uns auch Bauern waren und Höfe hatten, aber doch nicht so direkt in Kontakt, dass man eben selber dabei helfen konnte.								
1	00:21:53.00	IP_FA	Zum Beispiel wenn Blutwurst gemacht wurde und das Blut musste gerührt werden.								
1	00:21:57.00	IP_FA	Im ersten Moment habe ich mich geekelt, da reinzugreifen, weil man das mit der Hand rühren musste, ne.								
1	00:22:03.00	IP_FA	Aber da war gar nichts dabei.								
1	00:22:07.00	IP_FA	Ich hab das echt gerne gemacht.								
1	00:22:10.00	IP_FA	Und ich muss sagen, ich wär auch wirklich gerne auf so einem Bauernhof geblieben, ne.								
1	00:22:16.00	IP_FA	Das hat mir unwahrscheinlich viel Spaß gemacht.								
1	00:22:19.00	INT_AH	Und die Arbeit, die wurde also dann an den Vormittagen erledigt?								
1	00:22:24.00	IP_FA	Ja da wurde dann ..., eh, vormittags wurde, ich sag ja, wir wurden ja in Gruppen eingeteilt.								
1	00:22:29.00	IP_FA	Eine kleine Gruppe musste ja im Haus bleiben, und die mussten ja das Haus in Ordnung halten und unsere Wäsche, die wurde ja auch gemeinsam gewaschen in der Waschküche.								
1	00:22:40.00	IP_FA	Das wurde dann verteilt, die einen hatten Waschküchendienst, die anderen Küchendienst, die anderen hatten Hausdienst.								
1	00:22:46.00	IP_FA	Und, wenn wir nachmittags nach Hause kamen, das war meistens, eh, manchmal bis 3, manchmal um, ja um 4 glaube ich, war spätestens.								
1	00:22:59.00	IP_FA	Ja, dann hatten wir ne Freistunde und Abendbrot gab’s gemeinsam und dann haben wir abends noch ..., nein manchmal haben wir noch bis zum Abendbrot nochmal entweder ne Stopfstunde gehabt.								
1	00:23:15.00	IP_FA	Ich kann die Zeit nicht mehr sagen, wann Abendbrot gegessen wurde.								
1	00:23:19.00	IP_FA	Auf jeden Fall eine Stunde war dann meistens noch entweder wurde gestopft oder wir konnten Musik hören oder handarbeiten oder lesen.								
1	00:23:28.00	IP_FA	Dann hatten wir natürlich auch politische Schulung.								
1	00:23:34.00	IP_FA	Ich meine, das gehörte ja damals dazu.								
1	00:23:37.00	INT_AH	Können Sie darüber was erzählen?								
1	00:23:39.00	INT_AH	Wie das so ablief.								
1	00:23:40.00	INT_AH	Überhaupt die Nachmittage, die so abliefen.								
1	00:23:45.00	IP_FA	Ja, wie gesagt, wir saßen dann in unserem Aufenthaltsraum zusammen, der sagen wir mal, der war gleichzeitig  Essraum, das waren zwei ineinander gehende Räume, die einen Durchbruch hatte und, eh, und da hatten wir dann auch noch kleine Tischchen auch noch.								
1	00:24:06.00	IP_FA	Da haben wir dann in Gruppen zusammen gesessen, wenn wir, meinetwegen wir hatten unsere Sachen eben Instand halten, stopfen müssen und dergleichen, da konnten wir uns unterhalten.		Politik, Diskussion, Schule, Jugendorganisationen NS				87580894#87580903#87580917		
1	00:24:18.00	INT_AH	Standen die unter einem bestimmte Thema die Nachmittage jeweils oder?								
1	00:24:21.00	IP_FA	Ja das wurde festgelegt.								
1	00:24:23.00	IP_FA	Das war dann der Wochenplan bzw. Tagesplan, der wurde ja nur ausgehängt.								
1	00:24:27.00	IP_FA	Der wurde jeden Tag festgelegt.								
1	00:24:30.00	IP_FA	Der hing dann jeden morgen aus.								
1	00:24:33.00	IP_FA	Also heute ist das und das und das, genau nach, eh, Zeit.								
1	00:24:38.00	IP_FA	Und, eh, dann war auch entweder, meinetwegen heute ist dann, eh, Singnachmittag oder politische Schulung oder Geschichtsunterricht, haben wir auch noch gehabt.								
1	00:24:54.00	IP_FA	Wir haben uns auch über andere Themen unterhalten.								
1	00:24:57.00	IP_FA	Wir hatten auch viel Musik, sehr viel sogar.								
1	00:25:01.00	INT_AH	Wie war denn zum Beispiel der politische Unterricht und der Geschichtsunterricht?								
1	00:25:05.00	IP_FA	Ja der politische, eh, Unterricht der war ja eben auf die damalige Zeit zugeschnitten, ne.								
1	00:25:12.00	IP_FA	Nun hab ich Glück gehabt, dass wir nicht diese fanatischen Führerinnen hatten, wie es in manchen Lagern wahrscheinlich ..., vielleicht, ich weiß es nicht.								
1	00:25:28.00	IP_FA	Ich habe niemand gesprochen, der jemanden gehabt hätte, nicht?								
1	00:25:35.00	IP_FA	Oder auch, wie es behauptet wurde, äh, dass eben Männerbesuche gekommen wären und das sei drunter und drüber gegangen.								
1	00:25:44.00	IP_FA	Also bei uns gab’s überhaupt keinen Männerbesuch.								
1	00:25:47.00	IP_FA	Und wenn, dann hatte man eben Ausgang.								
1	00:25:51.00	IP_FA	Wir hatten ja auch genügend Ausgang, dass wir mal einen Sonntag frei hatten und dann konnten wir nach Soest fahren oder mal nach Warstein fahren in die umliegenden ..., äh, da konnte man sich ja mit jemanden treffen, wenn man wollte.								
1	00:26:04.00	IP_FA	Wir konnten Post bekommen, soviel wir wollten.								
1	00:26:07.00	IP_FA	Aber im Lager selber wurde kein Herrenbesuch geduldet, ne.								
1	00:26:12.00	IP_FA	Also gab’s wirklich nicht.								
1	00:26:14.00	INT_AH	Und der politische Unterricht …								
1	00:26:16.00	IP_FA	Der politische Unterricht, ja der war halt eben auf die damalige Zeit zugeschnitten.								
1	00:26:21.00	IP_FA	Nicht?								
1	00:26:22.00	IP_FA	Ich mein, wir hatten keinen übertriebenen.								
1	00:26:26.00	IP_FA	Der war natürlich eben auf Nationalsozialismus ausgerichtet, ne.		Liebe, Beziehung, Zeiten, Daten, Freizeit				87580923#87580905#87580925		
1	00:26:32.00	IP_FA	Aber, wie gesagt, wir haben eben das Glück gehabt, dass wir keine Fanatiker hatten.								
1	00:26:39.00	IP_FA	Es wurde auch alte Geschichte, die wir schon in der Schule gehabt haben, die wurde nochmal aufgefrischt.								
1	00:26:49.00	IP_FA	Zum Beispiel der „Alte Fritz“, Königin Luise.								
1	00:26:53.00	IP_FA	Natürlich wurden die Leute genommen, die, sagen wir mal, vielleicht als Ideale oder Vorbilder genommen werden konnten.								
1	00:27:02.00	IP_FA	Und mit Draußen sind wir fast wie gar nicht in Berührung gekommen, nur eben mit unseren Arbeitsstellen, wo wir gearbeitet haben.								
1	00:27:19.00	INT_AH	Wurde auch da in dem politischen Unterricht, ich muss nochmal darauf zurückkommen, wurde über die Kriegsziele informiert oder, eh, hat …?								
1	00:27:32.00	IP_FA	Im Arbeitsdienst, nein, im Arbeitsdienst kann ich das eigentlich nicht sagen.								
1	00:27:36.00	IP_FA	Ich meine, die haben uns natürlich über den jeweiligen Stand der Front und dergleichen unterrichtet.								
1	00:27:43.00	IP_FA	Wir kriegten ja auch Korrespondenz.								
1	00:27:44.00	IP_FA	Wir korrespondierten ja auch mit Soldaten.								
1	00:27:46.00	IP_FA	Jeder hatte ja mehr oder weniger Freunde, Bekannte ..., äh, wie soll ich sagen, also ... [---], das wurde weitergesprochen.								
1	00:28:02.00	IP_FA	Aber im einzelnen kann ich es heute nicht genau sagen.								
1	00:28:06.00	IP_FA	Aber bei uns war kein Fanatismus.								
1	00:28:11.00	IP_FA	Wirklich nicht, ne.								
1	00:28:15.00	IP_FA	Wie man das manchmal hört, und wie es das ja auch heute noch gibt.								
1	00:28:19.00	IP_FA	Also, das möchte ich geradezu ablehnen.								
1	00:28:24.00	INT_AH	Wie lange ging das denn nachmittags immer?								
1	00:28:26.00	INT_AH	Waren das so ein, zwei Stunden?								
1	00:28:27.00	IP_FA	Ja, das war eine Stunde meistens oder zwei Stunden.								
1	00:28:31.00	IP_FA	Meinetwegen eine Stunde, äh, Politik und eine Stunde dann Musik, ne.								
1	00:28:38.00	IP_FA	Vielleicht auch noch mal nach dem Abendbrot ne Stunde.								
1	00:28:43.00	IP_FA	Aber im Großen und Ganzen, das war klein, das war nett, das war …								
1	00:28:48.00	IP_FA	Es war eine herrliche Atmosphäre.								
1	00:28:52.00	INT_AH	Und wie war so die, äh, ehm, der Kontakt zu den anderen Mädchen?								
1	00:29:00.00	IP_FA	Ja, also wir hatten alle untereinander guten Kontakt.		Wohnen, Krieg, Front, Arbeit, Repression				87580898#87580896#87580926		
1	00:29:03.00	IP_FA	Natürlich hatte, hatte dieser oder jener sich mit einer Bestimmten angefreundet, oder wir hatten das Glück, wir hatten in dem alten Bauernhof war ein großer Schlafraum, wo die größere Anzahl, also fast alle schliefen.								
1	00:29:20.00	IP_FA	Und ich war eigentlich als Erste da angekommen, ich hatte so ein blöden Termin gekriegt, dass ich Sonntags das antanzen musste.								
1	00:29:27.00	IP_FA	Irgendein Versehen, was weiß ich, und war da die Erste, die da anmarschiert kam.								
1	00:29:33.00	IP_FA	Und hatte dann das Glück, da war ein einzelnes Zimmer, da waren noch zwei, vier, sechs, acht Betten drin.								
1	00:29:41.00	IP_FA	Also doppelstöckige, ne.								
1	00:29:44.00	IP_FA	Und, ja zwei, nee vier, vier Betten, also mit acht Personen.								
1	00:29:52.00	IP_FA	Und das war natürlich herrlich, das war ja wesentlich schöner, als in dem großen.								
1	00:29:59.00	IP_FA	Ich mein, man hat auch Schabernack gemacht mit …								
1	00:30:02.00	IP_FA	Da haben wir eigentlich niemand gehabt, der aus der Reihe getanzt ist.								
1	00:30:05.00	IP_FA	Wir haben uns untereinander wirklich gut verstanden.								
1	00:30:08.00	INT_AH	Und als der Arbeitsdienst dann zu Ende war, da waren Sie aber auch nicht mehr so …								
1	00:30:15.00	IP_FA	Da musste man Kriegsdienst machen.								
1	00:30:17.00	IP_FA	Das gehörte ja zum Arbeitsdienst.								
1	00:30:19.00	INT_AH	Nach dem halben Jahr?								
1	00:30:21.00	IP_FA	Nach dem halben Jahr Lager, musste man entweder in die Rüstung oder in irgendeinen anderen dergleichen Lebens… also notwendigen Betrieb.								
1	00:30:32.00	IP_FA	Und ich bin dann aber in ein Büro gekommen vom, von da, äh, nach Dortmund.								
1	00:30:38.00	IP_FA	Und zwar das ein Arbeitsführer, der mmh, wie soll ich sagen, sagen wir mal, die obere Aufsicht über etliche Männerlager hatte.								
1	00:30:57.00	IP_FA	Und bei dem habe ich im Büro gearbeitet.								
1	00:31:00.00	IP_FA	Habe da Schreibarbeiten gemacht, da hab ich mein ...								
1	00:31:03.00	IP_FA	Und dann wurde Dortmund so schwer bombardiert, und dann wurden wir ausgelagert, eh, in ein anderes Lager.								
1	00:31:12.00	IP_FA	Wir schliefen während der Zeit also nicht zuhause, sondern in einem Arbeitsdienstlager, durften aber Zivil tragen, ja.								
1	00:31:20.00	IP_FA	Und, eh, schlafen mussten wir in einem anderen Arbeitsdienstlager, wo dann auch dieses Büro ausgelagert war, weil Dortmund ja total zerstört war.								
1	00:31:35.00	IP_FA	Wir haben da auch ein Angriffe mitgemacht.								
1	00:31:38.00	IP_FA	Und, eh, da war ich mit noch einer Kollegin.								
1	00:31:42.00	IP_FA	Und, viele sind zur Straßenbahn gekommen als Schaffnerinnen oder Straßenbahnfahrerin oder in Rüstungsbetriebe, eben solche Sachen.		Arbeit, Repression, Jugendorganisationen NS, Arbeit, Verwaltung				87580926#87580917#87580909		
1	00:31:55.00	INT_AH	Und da mussten Sie in diesem, eh, eh …								
1	00:32:01.00	INT_AH	Das war ein Büro?								
1	00:32:02.00	INT_AH	Da haben Sie Büroarbeiten gemacht								
1	00:32:02.00	IP_FA	Das war …								
1	00:32:03.00	IP_FA	Da habe ich Büroarbeiten gemacht.								
1	00:32:05.00	IP_FA	Ja, und denn war auch noch ein Kleiderlager dabei, also wo die Bekleidung für die Frauen ausgegeben wurde, aber auch noch an andere Lager, nicht.								
1	00:32:17.00	IP_FA	Da war, sagen wir mal, ein Depot, Schuhe, Kleider, Jacken, Mäntel und dergleichen.								
1	00:32:23.00	IP_FA	Also so eine Art Kleiderkammer.								
1	00:32:25.00	IP_FA	Und da haben wir natürlich auch gearbeitet, ne.								
1	00:32:32.00	IP_FA	Das musste dann fertig gemacht werden, wurde dann für bestimmte Lager abgeholt, und dann musste das wieder zum Ausbessern weggeben werden oder dies ober jenes.								
1	00:32:41.00	INT_AH	Und wie lange waren Sie da?								
1	00:32:44.00	IP_FA	Das war auch ein halbes Jahr.								
1	00:32:45.00	INT_AH	Auch ein halbes Jahr.								
1	00:32:46.00	IP_FA	Ja, das war auch ein halbes Jahr.								
1	00:32:48.00	INT_AH	Dann hatten, dann haben wir ja, eh, schon Mitte 43, ne.								
1	00:32:53.00	IP_FA	Ja, das war, das war dann, eh …								
1	00:32:57.00	INT_AH	Oder Ende 43?								
1	00:32:58.00	IP_FA	Nee, 43.								
1	00:33:05.00	INT_AH	Im Dezember, das hatten Sie ja vorhin gesagt, da …								
1	00:33:07.00	IP_FA	Warten Sie mal, ich hab die Papiere hier. Kleinen Moment. Ich kann Ihnen das ganz genau sagen. [Interviewte entfernt sich, bleibt aber im Raum][Klappern und Blättern]								
1	00:33:15.00	IP_FA	Machen Sie aus.								
1	00:33:18.00	INT_AH	Ich glaub, das ist auch schon aus.								
1	00:33:19.00	INT_AH	Ja.								
1	00:33:21.00	IP_FA	Arbeitsdienst.								
1	00:33:25.00	IP_FA	[x] [Unterbrechung]		Zeiten, Daten, Schule, Arbeit, Repression				87580905#87580903#87580926		
1	00:35:15.00	IP_FA	...42 bis 27.10.43.								
1	00:35:23.00	IP_FA	Ja, und dann wurden wir entlassen.								
1	00:35:26.00	IP_FA	Und dann konnten wir wieder, entweder in die Berufe gehen oder weiterlernen, wer zu Schule ging oder machen, was er wollte.								
1	00:35:36.00	INT_AH	Was haben Sie denn gemacht?								
1	00:35:37.00	IP_FA	Ja, ich bin dann, habe dann, eh, [Blättern] Schulungen gemacht vom BDM aus und habe dann ein Kinderlandverschickungslager, eh, in Wimpfen am Neckar beaufsichtigt.						21898303		
1	00:35:58.00	IP_FA	Da waren Kinder aus dem Ruhrgebiet, wohl naja meistens aus Dortmund und Witten.								
1	00:36:09.00	IP_FA	Aus dieser Ecke da.								
1	00:36:11.00	IP_FA	Die waren in einem Schullandheim in Wimpfen am Neckar untergebracht und hatten da eben vormittags ihren Schulunterricht, und nachmittags musste ich mich darum kümmern.								
1	00:36:25.00	IP_FA	Ich musste sie auch morgens wecken und kontrollieren, dass sie die Betten gemacht hatten, dass sie sich anständig wuschen.								
1	00:36:33.00	IP_FA	Und dann hatten sie eben nach dem Frühstück Schule, regelrechten Schulunterricht auch in dem gleichen Heim.								
1	00:36:39.00	IP_FA	Da waren zwei Lehrerinnen.								
1	00:36:42.00	IP_FA	Dazu muss ich aber sagen, also eine war sehr nett und die andere war eine alte Spinatwachtel.								
1	00:36:48.00	IP_FA	Also die taugte zur Lehrerin absolut überhaupt nicht mehr.								
1	00:36:52.00	IP_FA	Die viel, viel zu alt und zu, ich weiß nicht, irgendwie schon senil.								
1	00:36:58.00	IP_FA	Und nachmittags, ja dann habe ich halt die Schulauf…								
1	00:37:05.00	IP_FA	Da wurde Mittag gegessen, dann war eine Stunde Mittagsruhe und musste ich mit denen was unternehmen.								
1	00:37:12.00	IP_FA	Dann haben wir entweder Sport gemacht oder sind Wandern gegangen oder haben gesungen oder eben auch Stopfen und dergleichen, wie ich’s im Arbeitsdienst gelernt hatte, nicht.								
1	00:37:27.00	IP_FA	Und auch im Landjahr.								
1	00:37:29.00	IP_FA	Ja und abends, nach dem Abendbrot da war denn halt, eh, noch ne Stunde, die wir uns da noch so aufgehalten haben, unten.								
1	00:37:41.00	IP_FA	Und dann gingen die natürlich ins Bett.								
1	00:37:46.00	IP_FA	Und rausgegangen wurde nur gemeinsam.								
1	00:37:48.00	INT_AH	Und wie alt waren die Kinder?								
1	00:37:50.00	IP_FA	Die waren zwischen 12 und 14.								
1	00:37:54.00	IP_FA	Also die letzten zwei Schuljahre.								
1	00:37:56.00	INT_AH	Die letzten zwei Schuljahre.		Liebe, Beziehung, Erinnerungen, Schule				87580923#87580930#87580903		
1	00:37:58.00	INT_AH	Und wie viele hatten Sie da so zu betreuen?								
1	00:37:59.00	IP_FA	[spricht parallel] Mmh, ich würd sagen, das waren viele ...								
1	00:38:05.00	IP_FA	Moment mal, das war 1, 2, 3, viele, 5, 6, 7, 7 oder 8 Schlafräume, also ich möchte sagen es waren ungefähr 70 bis 80 Mädchen.								
1	00:38:21.00	INT_AH	Ach nur Mädchen. [erstaunt]								
1	00:38:23.00	IP_FA	Nur Mädchen.								
1	00:38:23.00	INT_AH	Und mit den 70 bis 80 Mädchen sind Sie dann nachmittags losgezogen?								
1	00:38:26.00	IP_FA	Ja, ja.								
1	00:38:26.00	INT_AH	Mit der ganzen Blase?								
1	00:38:29.00	IP_FA	Mit der ganzen Blase.								
1	00:38:30.00	IP_FA	Ich kriegte nachher noch eine dazu.								
1	00:38:32.00	IP_FA	Lange Zeit war ich alleine damit.								
1	00:38:35.00	IP_FA	Und wir hatten wohl eine Rote-Kreuz-Schwester, die ging dann auch immer mit wenn wir rausgingen, nicht.								
1	00:38:42.00	IP_FA	Die war, äh, auch da ausgebildet, da mitzuhelfen.								
1	00:38:49.00	IP_FA	Ja, und, also das war sehr schön.								
1	00:38:53.00	IP_FA	Und dann bin ich bis ..., äh, ich komme jetzt nicht drauf [Blättern] wie lange war der Arbeitsdienst …?								
1	00:39:07.00	IP_FA	Warten Sie mal (???) …								
1	00:39:11.00	INT_AH	Das ging bis Oktober 43.								
1	00:39:14.00	IP_FA	Das ging bis Oktober 43, ja, und von November bis ..., Moment, von November bis Mitte 44 habe ich dieses Kinderlandverschickungslager gehabt, bin dann aber nachher auf eigenen Wunsch da weggegangen.								
1	00:39:36.00	IP_FA	Und zwar die Kinder, äh, eben weil diese eine Lehrerin schon so sehr alt war, und die hatte schrullige Ideen, und dann hatten die manchmal den Vogel.								
1	00:39:49.00	IP_FA	Dann hatten sie irgendwas vor und wollten irgendwo hinfahren nach Heidelberg, was weiß ich, und ich sollte mit den Kindern Schulunterricht machen.								
1	00:39:58.00	IP_FA	Das konnte ich ja gar nicht.								
1	00:39:59.00	IP_FA	Das hatte ich ja nicht gelernt.								
1	00:40:00.00	IP_FA	Ich konnte allenfalls die Schulaufgaben beaufsichtigen oder dergleichen.								
1	00:40:04.00	IP_FA	Und da kam das zu Zerwürfnissen.								
1	00:40:08.00	IP_FA	Und da habe ich gesagt, da bleibe ich mehr und bin dann nach Straßburg gekommen und hab da wieder ..., äh, in der, wie nannte sich das damals, Bezirks… das war auch von der Hitlerjugend.		Mobilität, Zeiten, Daten, Schule				87580906#87580905#87580903		
1	00:40:26.00	IP_FA	Die die Kinderlandverschickungslager in Süddeutschland unter sich hatten.								
1	00:40:31.00	IP_FA	Also die süddeutschen …								
1	00:40:33.00	INT_AH	Die Zentrale.								
1	00:40:33.00	IP_FA	Ja, die Zentrale.								
1	00:40:35.00	IP_FA	Da habe ich dann im Büro gearbeitet, bis Oktober 44.								
1	00:40:42.00	IP_FA	Und dann bin ich nach Hause zurück und habe dann 44 im November geheiratet.								
1	00:40:51.00	IP_FA	Und hab dann nichts mehr gemacht.								
1	00:40:54.00	INT_AH	Nochmal zu den Kindern.								
1	00:40:55.00	INT_AH	Dass die nach Heidelberg kamen, das war doch ne Evakuierungsmaßnahme?								
1	00:40:58.00	IP_FA	Ja das war eine Evakuierungsmaßnahme, wie das ja allgemein war.								
1	00:41:02.00	IP_FA	Nur, dass hier eben nur die Kinder wegkamen ohne Eltern, ne.								
1	00:41:06.00	IP_FA	Das war ein großes Landschulheim.								
1	00:41:09.00	IP_FA	Da gehörte der Stadt Pforzheim.								
1	00:41:11.00	IP_FA	Und das war für diese Zwecke, eben für diese Kinder wurde das freigemacht, ne.								
1	00:41:16.00	INT_AH	Und Sie haben dann also nachmittags mit denen Freizeit gemacht.								
1	00:41:19.00	IP_FA	Ich hab nachmittags mit denen Freizeit gemacht und Schulsachen beaufsichtigt.								
1	00:41:23.00	IP_FA	Und da muss ich sagen, also das war eigentlich sehr schön.								
1	00:41:30.00	IP_FA	Die hingen auch an mir, und ich bin wirklich gut damit zurecht gekommen.								
1	00:41:35.00	IP_FA	Das mir sehr leid getan.								
1	00:41:37.00	IP_FA	Ich hab nachher gehört, als ich weggegangen bin, da haben sie wohl vorübergehend niemanden gehabt.								
1	00:41:44.00	IP_FA	Da haben sich einige Kinder auf den Zug gesetzt und sind einfach aufs Geratewohl nach Hause zurückgefahren.								
1	00:41:51.00	IP_FA	Und dann hat man wohl endgültig dann die Alten da abgelöst, ne.								
1	00:41:56.00	IP_FA	Denn die waren wirklich zu alt.								
1	00:41:58.00	IP_FA	Also so was verschrobenes, so was schrulliges, also das grenzte schon wirklich an Senilität.								
1	00:42:06.00	INT_AH	Und als Sie dann wieder kamen, da waren Sie ja vier Jahre voll beschäftigt gewesen.		Krieg, Front, Arbeit, Repression, Verrauscht 5				87580896#87580926#87580941		
1	00:42:14.00	INT_AH	So von neun…, nee stimmt nicht.								
1	00:42:17.00	INT_AH	41, ne?								
1	00:42:18.00	IP_FA	Nicht ganz voll.								
1	00:42:20.00	IP_FA	Nee, 39 Landjahr und dann die Bürozeit und dann der Arbeitsdienst und das Kinderlandverschickungslager und anschließend dann kurz bei der …								
1	00:42:32.00	INT_AH	In Straßburg.								
1	00:42:33.00	IP_FA	In Straßburg.								
1	00:42:33.00	INT_AH	Und wann haben Sie geheiratet?								
1	00:42:36.00	IP_FA	Und ja 44 im November habe ich geheiratet.								
1	00:42:40.00	IP_FA	Mein Mann war, eh, schwerkriegsbeschädigt.								
1	00:42:44.00	IP_FA	Der war schon vom Militär entlassen aufgrund seiner schweren Verwundung.								
1	00:42:48.00	INT_AH	Was war das denn für eine Verwundung?								
1	00:42:50.00	IP_FA	Der hatte, dem hatten sie das rechte Schuss…, äh, Schultergelenk weg geschossen.								
1	00:42:55.00	IP_FA	Normalerweise hätten ihm die Ärzte im Feldlazarett den Arm abgenommen.								
1	00:43:00.00	IP_FA	Er hatte aber einen Guten gehabt in Russland.								
1	00:43:01.00	IP_FA	Man hat ihm dann den Arm am Schulterknochen angesetzt.								
1	00:43:08.00	IP_FA	Er konnte dann wohl hier im Schultergelenk nichts mehr bewegen.								
1	00:43:12.00	IP_FA	Da war der Arm …								
1	00:43:12.00	INT_AH	... steif.								
1	00:43:13.00	IP_FA	Das war der rechte.								
1	00:43:14.00	IP_FA	Ne, war nicht mehr zu gebrauchen.								
1	00:43:16.00	IP_FA	Er konnte ihn nur noch hier in der Ellenbeuge bewegen, und die Hand, die war auch zum Teil, sagen wir die letzten drei Finger, die waren auch kaputt.								
1	00:43:29.00	IP_FA	Und dann war die Lunge noch mit kaputt.								
1	00:43:32.00	IP_FA	Der hatte noch Splitterstreuungen gehabt.								
1	00:43:37.00	IP_FA	Und der durfte dann in, äh, in Ilmenau sein Ingenieurstudium machen.								
1	00:43:45.00	IP_FA	Und da sind wir dann, bis der Krieg zu Ende war, gewesen.		Krieg, Front, Mobilität, Familie				87580896#87580906#87580893		
1	00:43:53.00	IP_FA	Noch als die Amerikaner da einmaschierten.								
1	00:43:57.00	IP_FA	Und, äh, dann wollten wir noch raus, weil der Amerikaner das Gebiet ja leider [betont] an den Russen abgetreten hat.								
1	00:44:09.00	IP_FA	Und bevor die Russen kamen wollten wir noch weg und das ist uns leider nicht mehr gelungen.								
1	00:44:14.00	IP_FA	Und weil ich schwanger war und die Entbindung kurz bevorstand.								
1	00:44:20.00	IP_FA	Dann haben wir noch den Einmarsch der Russen erlebt.								
1	00:44:23.00	IP_FA	Ich hab dann noch entbunden, das erste Kind, in Elgersburg in Thüringen, in der Nähe von Ilmnau.								
1	00:44:31.00	IP_FA	Die Ingenieurschule wurde ja geschlossen, als die Russen da waren.								
1	00:44:36.00	IP_FA	Und dann haben wir uns im Oktober zu Fuß mit Kinderwagen auf den Weg gemacht, ich hatte noch …								
1	00:44:47.00	INT_AH	45								
1	00:44:47.00	IP_FA	Ja, äh, 45, ja.								
1	00:44:52.00	IP_FA	Und ich hatte noch Verwandte in der Nähe von Eisenach.								
1	00:44:58.00	IP_FA	War eine Schwester meines Vaters.								
1	00:45:01.00	IP_FA	Und wusste auch von meinen Angehörigen nichts von zu Hause.								
1	00:45:05.00	IP_FA	Da sind wir dann hin.								
1	00:45:10.00	IP_FA	Die wussten inzwischen, was bei uns zu Hause geschehen war.								
1	00:45:15.00	IP_FA	Da war ich schon mal beruhigt, dass die alle noch lebten.								
1	00:45:20.00	IP_FA	Und ja dann sind wir halt schwarz über die Grenze.								
1	00:45:24.00	IP_FA	Wir sind auch prompt viermal nem Russen in die Finger gelaufen, und wir haben jedes Mal, also ich weiß nicht, einen Schutzengel gehabt.								
1	00:45:34.00	IP_FA	Das ist fast unglaublich.								
1	00:45:37.00	IP_FA	Wir sind durch vier [laut] Posten gekommen, obwohl die schon die Türme aufgebaut hatten, ne.								
1	00:45:44.00	IP_FA	Die sie heute ja auch noch haben, diese Wachtürme hatten sie damals aus Holz aufgebaut.								
1	00:45:48.00	IP_FA	In vier Ortschaften vorher waren schon Posten.								
1	00:45:52.00	IP_FA	Und durch alle vier sind wir durchgekommen.								
1	00:45:55.00	IP_FA	Und der letzte, an der, an dem Hauptposten ..., das sagten uns, das Dorf war wie ausgestorben, kein Mensch und auf einmal kam ein Mann, da sagt er, um Gottes Willen was tun sie denn hier.								
1	00:46:09.00	IP_FA	Wenn sie hier ein Russe erwischt, der erschießt sie sofort.		Gesprächspartikel 2, Wohnort, Nachbarschaft, Krieg, Front				87580914#87580908#87580896		
1	00:46:12.00	IP_FA	Und der hat uns dann in seinen Hof gelassen.								
1	00:46:15.00	IP_FA	Und hat er gesagt, da mussten wir uns verstecken.								
1	00:46:17.00	IP_FA	Durften wir uns nicht sehen lassen.								
1	00:46:19.00	IP_FA	Dann sind wir nachher aber doch ..., da haben wir gedacht, ach Mensch wir versuchen es, wir konnten, wir wollten die Leute nicht in Schwierigkeiten bringen.								
1	00:46:27.00	IP_FA	Ach nee, und während wir in den Hof rein wollten, mein Mann ging vor, ich schob mit dem Kinderwagen hinterher, da tippt mir von hinten jemand auf die Schulter, ich dreh mich rum, das war ein Russe.								
1	00:46:41.00	IP_FA	Ich konnte nur noch den, zu meinem Mann sagen, Kurt und blieb mir die Spucke weg.								
1	00:46:49.00	IP_FA	Und der dreht sich rum und wurde blass.								
1	00:46:50.00	IP_FA	Jetzt war das aber ..., der Russe verstand etwas Deutsch, und mein Mann konnte etwas Russisch.								
1	00:46:56.00	IP_FA	Und dann wollte er wissen, was wir wollten.								
1	00:47:00.00	IP_FA	Und dann haben wir gesagt, wir wollten nach Hause.								
1	00:47:02.00	IP_FA	Wo wir zuhause wären?								
1	00:47:03.00	IP_FA	Da haben wir ihm gesagt, eben wir wollten nach Gelsenkirchen-Buer.								
1	00:47:07.00	IP_FA	Und dann hat er in den Kinderwagen geguckt und dann hat er uns plausibel gemacht, er würde in einer halben Stunde abgelöst und bis dahin müssten wir oben bei ihm sein.								
1	00:47:17.00	IP_FA	Jetzt war das ein Feldweg voller Schlamm.								
1	00:47:19.00	IP_FA	Und dann wir uns im Feldweg durch den Schlamm hoch gewälzt, und dann sahen wir überall die Türme und haben immer gedacht, gleich knallen wir.								
1	00:47:27.00	IP_FA	Auf einmal kam er aus dem Gebüsch und sagte, also wir sollten mal an die Seite kommen, da habe ich schon gedacht, jetzt ist alles zu Ende.								
1	00:47:36.00	IP_FA	Und dann hat er nur gesagt, ich sollte mal die Tasche zeigen.								
1	00:47:40.00	IP_FA	Ich hatte eine Tasche dabei und einen Rucksack.								
1	00:47:43.00	IP_FA	Und da hat er sich aus so einem Näh..., irgendsoein Nähkästchen hat er sich nur so zwei Röllchen Zwirn rausgenommen, schwarzen und weißen Zwirn und zwei große Wehrmachtstaschentücher.								
1	00:47:59.00	IP_FA	Und da haben wir noch so furchtbar gelacht, in Thüringen gab’s die Gummiwaren, wissen Sie, die Pariser.								
1	00:48:07.00	IP_FA	Und da hatten wir die gehamstert, weil wir dann jeder tauschen konnten, ne und Schnuller, Kinderflaschenschnuller.								
1	00:48:16.00	IP_FA	Und dann hat er sich so einen Karton von den Dingern genommen.								
1	00:48:20.00	IP_FA	Dann hat er zu uns gesagt, aber ~Dawei~, ganz schnell.								
1	00:48:24.00	IP_FA	Jetzt waren wir dauernd auf diesem Feldweg ganz frei, ganz offen und die Türme.								
1	00:48:30.00	IP_FA	Da knieten die Bauern auf dem Feld und sagten:		Verrauscht 5, Mobilität, Zeiten, Daten				87580941#87580906#87580905		
1	00:48:33.00	IP_FA	Um Gottes Willen, die knallen Euch ab.								
1	00:48:35.00	IP_FA	Wie kommen sie hierher?								
1	00:48:36.00	IP_FA	Und da haben wir gesagt:								
1	00:48:37.00	IP_FA	Der hat uns da durch gelassen.								
1	00:48:38.00	IP_FA	Da haben sie gesagt:								
1	00:48:39.00	IP_FA	Da vorne in der Scheune, da liegen fünf Stück, die haben sie gestern Abend erschlagen.								
1	00:48:45.00	IP_FA	Waren auch zwei junge Mädchen dabei.								
1	00:48:47.00	IP_FA	Die haben sie erst mit einer ganzen Horde vergewaltigt und dann haben sie alle Mann erschlagen.								
1	00:48:51.00	IP_FA	Und dann hatten wir dauernd das Gefühl, gleich knallt’s.								
1	00:48:56.00	IP_FA	Und dann sind wir bis zum amerikanischen Schlagbaum gekommen.								
1	00:49:00.00	IP_FA	Keine Menschenseele zu sehen, weit und breit niemand.								
1	00:49:05.00	IP_FA	Und erst als wir ein ganzen Stück die Landstraße lang waren, da kam der erste amerikanische LKW.								
1	00:49:11.00	IP_FA	Die guckten uns an, die haben es nicht fassen können, dass die, dass wir da durch gekommen sind, ne.								
1	00:49:19.00	INT_AH	Sie sind dann nach Ilmenau, weil ihr Mann da sein Studium bekam?								
1	00:49:24.00	IP_FA	Mein Mann, der studierte ja da.								
1	00:49:26.00	IP_FA	Der machte ja da sein Studium.								
1	00:49:28.00	IP_FA	Denn da fielen ja noch keine Bomben, ne, während hier im Ruhrgebiet ja schon alles kaputt war.								
1	00:49:32.00	INT_AH	Und hatten Sie Ihren Mann während, eh, eh, dieses Arbeitsdienstes irgendwo kennengelernt?								
1	00:49:39.00	IP_FA	[heiter] Meinen Mann habe ich kennengelernt, als ich im Kriegshilfsdienst war.								
1	00:49:44.00	IP_FA	Die, das halbe Jahr nach dem Arbeitsdient, da hatte ich …								
1	00:49:47.00	INT_AH	Also in Dortmund?								
1	00:49:49.00	IP_FA	Nein, nein, bei uns zuhause im neuen Heimatort.								
1	00:49:53.00	IP_FA	Ich musste zum Zahnarzt.								
1	00:49:55.00	IP_FA	Ich hatte Urlaub bekommen, weil ich ne Zahnentzündung hatte, und dann durfte ich ..., das war ja nicht weit von meinem Heimatort entfernt wo ich war.								
1	00:50:06.00	IP_FA	Dieses, äh, Ergste war, nee Sümmern.		Familie, Geld, Krieg, Front				87580893#87580901#87580896		
1	00:50:11.00	IP_FA	Erst waren wir in Ergste, nachher waren wir in Sümmern.								
1	00:50:15.00	IP_FA	Und, äh, beim Zahnarzt habe ich meinen Mann ihn kennengelernt. [heiter]								
1	00:50:23.00	IP_FA	Der war noch zu der Zeit im Lazarett.								
1	00:50:25.00	IP_FA	Wir haben uns beim Zahnarzt kennengelernt.								
1	00:50:30.00	IP_FA	Und haben dann 44 geheiratet, und mein Mann ist dann leider fünf Jahre später 49 ..., obwohl wir noch zweimal zurück sind in die DDR.								
1	00:50:44.00	IP_FA	Wir haben noch Sachen geholt, die wir da gelassen hatten.								
1	00:50:47.00	IP_FA	Er hatte noch ein Reißbrett und wir hatten noch ein Kinderbett da.								
1	00:50:50.00	IP_FA	Hier gab’s ja nichts.								
1	00:50:51.00	IP_FA	Und da haben wir das ..., sind wir noch zweimal rüber und haben das noch geholt.								
1	00:50:55.00	IP_FA	Bei Nacht und Nebel.								
1	00:50:56.00	IP_FA	Rein kam man ja, aber das wieder Rauskommen!								
1	00:51:00.00	IP_FA	Aber wir haben so unwahrscheinliches Glück gehabt, dass ich immer gesagt habe, das gibt es gar nicht.								
1	00:51:06.00	IP_FA	Ja und 49 ist dann im Januar doch gestorben, eben an den Kriegsleiden, ne.								
1	00:51:15.00	INT_AH	Und Sie hatte ein Kind?								
1	00:51:16.00	IP_FA	Nein, zwei.								
1	00:51:18.00	IP_FA	Drei eigentlich.								
1	00:51:19.00	IP_FA	Das zweite ist, starb ein Jahr bevor mein Mann gestorben ist.								
1	00:51:24.00	IP_FA	Der Älteste war, Augenblick mal, mein Mann ist im Januar 48 gesto…, 49 gestorben.								
1	00:51:33.00	IP_FA	Der Älteste war im August 45 geboren und das Zweite im Dezember 46, und mein Mann starb dann ..., nee und das Dritte im April 48.								
1	00:51:50.00	IP_FA	Und mein Mann starb dann im Januar 49.								
1	00:51:55.00	INT_AH	Und da standen Sie da mit den drei Kindern.								
1	00:51:57.00	IP_FA	Und dann stand ich mit den ..., nee, das kleine Mädchen das ist mit nem Vierteljahr gestorben.								
1	00:52:02.00	IP_FA	Ja, und dann kriegte ich damals erst vom, bis die Rente durch war, vom Sozialamt, ne, von der Hinterbliebenenfürsorge.								
1	00:52:14.00	IP_FA	Und dann war die Rente durch, damals gab’s 120 Mark mit zwei Kindern.								
1	00:52:19.00	INT_AH	Und Sie wohnten in Gelsenkirchen.		Wohnen, Länder, Nationalitäten, Familie				87580898#87580902#87580893		
1	00:52:21.00	IP_FA	Nein ich wohnte in Buer.								
1	00:52:22.00	IP_FA	Ja Gelsenkirchen-Buer.								
1	00:52:25.00	IP_FA	Ich hatte da zwei Mansarden bekommen und ja mit, sagen wir mal, mehr oder weniger geschenkten Sachen angefangen.								
1	00:52:35.00	IP_FA	Von zu Hause, bei uns zuhause war ja alles heil geblieben im Sauerland.								
1	00:52:43.00	IP_FA	Vom einen kriegte ich einen Küchenschrank.								
1	00:52:46.00	IP_FA	Ganz früher war das ja üblich, da hatte man zwei Küchenschränke, einen großen und einen kleineren.								
1	00:52:51.00	IP_FA	Der eine gab mir einen Küchenschrank ab, von dem anderen kriegte ich Chaiselongue, von dem dritten, wir hatten ja eine riesen Verwandtschaft, da bekam ich dann ein paar Sessel, so dass wir das ..., quasi sagen wir mal ein Mädchenzimmer, dass wir Kleiderschrank und Bett hatten.								
1	00:53:08.00	INT_AH	Also der Kontakt funktionieren jedenfalls noch zu Ihrer Verwandtschaft.								
1	00:53:12.00	IP_FA	Ja zu meinen ..., zu meinen ...								
1	00:53:14.00	IP_FA	Nur wir hatten zuhause keinen Platz, weil ganz im Anfang das Hotel, das meine Großeltern hatten, das hatten die Amerikaner beschlagnahmt und hatten da Offiziersmesse draus gemacht.								
1	00:53:29.00	IP_FA	Und dann gingen die Amerikaner, da kamen Engländer dahin.								
1	00:53:33.00	IP_FA	So lange durften die Großeltern noch wohnen bleiben.								
1	00:53:37.00	IP_FA	Und dann kamen die Belgier.								
1	00:53:39.00	IP_FA	Und als die Belgier kamen, da mussten sie dann raus.								
1	00:53:43.00	IP_FA	Meine Großeltern hatten noch ein Haus.								
1	00:53:45.00	IP_FA	Da hatten wir früher gewohnt, und da sind sie halt alle zusammengezogen, zusammengerückt.								
1	00:53:53.00	IP_FA	Aber so viel Platz, dass ich mit meinen zwei Kindern da noch hätte hin gekonnt war eben nicht da, ne.								
1	00:54:01.00	IP_FA	Also, ich meine, da hat man schon durch den Arbeitsdienst profitiert, durch das Landjahr profitiert.								
1	00:54:10.00	IP_FA	Was haben wir da an Tricks gelernt und im ..., sagen wir mal, im Landjahr ja noch nicht so.								
1	00:54:16.00	IP_FA	39 hatte man ja noch fast alles.								
1	00:54:19.00	IP_FA	Aber im Arbeitsdienst, da war ja doch alles rationiert.								
1	00:54:24.00	IP_FA	Da musste man ja mit dem auskommen, was man hatte.								
1	00:54:30.00	IP_FA	Ich hab wohl insofern nach dem Krieg Glück gehabt, insofern, dass ich erstensmal die normalen Lebensmittelkarten hatte für meinen Mann, für mich.								
1	00:54:44.00	IP_FA	Und dann hatte ich eine Säuglingskarte, dann bekam ich noch eine Mütterkarte.								
1	00:54:49.00	IP_FA	Und mein Mann hatte noch eben die Schwerkriegsbeschädigtenzulage.		Ernährung, Geld, Wohnort, Nachbarschaft				87580897#87580901#87580908		
1	00:54:56.00	IP_FA	Also ich hab fast jeden Tag fünf Liter Milch gehabt.								
1	00:55:00.00	IP_FA	Ich hab Butter gehabt.								
1	00:55:01.00	IP_FA	Ich hab das alles gar nicht allein verbrauchen können, ich konnte immer noch davon abgeben.								
1	00:55:06.00	IP_FA	Während diejenigen, die alleinstehend waren, also da kann ich mir lebhaft vorstellen, dass die nicht damit rumgekommen sind.								
1	00:55:14.00	IP_FA	Aber durch die Zusatzmarken eben hatte man eine ganz enorme Vergünstigung.								
1	00:55:20.00	INT_AH	Wenn’s denn noch was gab, ne.								
1	00:55:23.00	IP_FA	Ja, Sie konnten ja dann alles kaufen.								
1	00:55:25.00	IP_FA	Bei uns waren ja die Amerikaner.								
1	00:55:27.00	IP_FA	Da kriegte Sie doch alles.								
1	00:55:29.00	IP_FA	Sie kriegten weißes Mehl, sie kriegten Wurstsuppe, sie kriegten alles.								
1	00:55:33.00	IP_FA	Während drüben, da mussten sie Schlange stehen.								
1	00:55:39.00	IP_FA	Solange die Amis da waren, gab’s auch was zu Essen, in Thüringen noch.								
1	00:55:45.00	IP_FA	Aber dann, als die Russen einmaschierten, also da war Feierabend, ne.								
1	00:55:50.00	IP_FA	Da war das Kind im Brunnen.								
1	00:55:54.00	INT_AH	Und dann sind Sie also nach 49 als Witwe ..., mussten Sie dann mit Ihren 120 Mark Rente …?								
1	00:56:01.00	IP_FA	Ja, da, dann hab ich, dann bin ich, dann musste ich …, 120 Mark Rente hab ich gehabt, da musste ich halt auskommen.								
1	00:56:08.00	IP_FA	Nun ich hatte zwei Mansardenwohnungen, ...äume, die jeweils zu einer Etagenwohnung gehörten normalerweise.								
1	00:56:18.00	IP_FA	Und der eine Raum, der kostete 5 Mark und der andere 4,50.								
1	00:56:23.00	IP_FA	Die eine Mieterin, Vermieterin, die nahm nichts dafür, weil sie gesagt hat, das wär früher eh Rumpelkammer gewesen, nicht.								
1	00:56:33.00	IP_FA	Und die hat mir da auch nichts abgenommen.								
1	00:56:35.00	IP_FA	Und dann hatte ich meine Eltern, und die haben mir sehr viel geholfen.								
1	00:56:39.00	IP_FA	Denn in ländlicher Gegend, da gab’s doch immer noch ..., äh, da konnte man immer noch dies oder jenes kriegen.								
1	00:56:48.00	IP_FA	Und die hatten halt auch Viehzeug selber.								
1	00:56:51.00	INT_AH	Wo war das denn in Gelsenkirchen-Buer?								
1	00:56:53.00	IP_FA	In der Nähe Vom-Stein-Straße.		Familie, Wohnort, Nachbarschaft, Krieg, Front				87580893#87580908#87580896		
1	00:56:56.00	IP_FA	Das ist in der Nähe vom Löwenpark								
1	00:56:58.00	INT_AH	Ach da, Westerholt.								
1	00:56:59.00	IP_FA	Nach Resse zu.								
1	00:57:01.00	IP_FA	Nein, vorne an der Ecke.								
1	00:57:02.00	IP_FA	Wenn Sie Verbandstraße fahren, wenn Sie wissen, wo Bergmannsheil ist ...?								
1	00:57:06.00	INT_AH	Ja so genau kenn ich mich nicht aus aber Resse weiß ich.								
1	00:57:10.00	IP_FA	Wenn Sie von Bergmannsheil die Straße Richtung Resse fahren, auf dieser Verbandstraße, da stehen so hohe Pappeln links und rechts, da.								
1	00:57:19.00	INT_AH	Ja, ich glaub ich weiß wo das ist.								
1	00:57:21.00	IP_FA	Da wohnt heute mein Sohn auch.								
1	00:57:25.00	IP_FA	Der wohnt, also der ist da ja geboren in dem Haus, der zwei…also der dritte, und, äh, der hat heute ne Wohnung in der gleichen Straße so schräg gegenüber wo vorher unser Milchmann gewohnt hat.								
1	00:57:40.00	IP_FA	Das ist auch ulkig, ne?								
1	00:57:42.00	IP_FA	Mmh, ja.								
1	00:57:45.00	IP_FA	Ausgekommen sind wir denn.								
1	00:57:48.00	IP_FA	Was meinen Sie, was wir erfindungsreich waren.								
1	00:57:50.00	IP_FA	Mein Mann, der musste ja dann auch von Zeit zu Zeit in eine Lungenheilstätte, immer ein halbes Jahr.								
1	00:57:56.00	IP_FA	Der war aber nie offen, das war immer zu geblieben.								
1	00:58:02.00	IP_FA	Das hatte sich verkapselt, diese ganzen Splitter und alles.								
1	00:58:05.00	IP_FA	Und eines Tages war es dann halt doch so weit, dass es doch aufgegangen war, ne.								
1	00:58:12.00	IP_FA	Und der ist dann ganz ..., er ist auch zuhause gestorben.								
1	00:58:14.00	IP_FA	Die beiden Kinder, die hat meine Mutter dann weg geholt, zu sich nach Hause.								
1	00:58:20.00	IP_FA	Mein Großvater väterlicherseits und ne Schwester meines Vaters, die haben den Kleinen genommen, und meine Mutter hat den älteren genommen, nicht.								
1	00:58:33.00	IP_FA	Und dann ist mein Mann ja auch zuhause gestorben.								
1	00:58:37.00	IP_FA	Mit 29 Jahren. [---]								
1	00:58:47.00	IP_FA	Nee, also, ich sag ja, ich hab da unheimlich von profitiert.								
1	00:58:52.00	IP_FA	Mensch, was haben wir gelernt, aus Nichts was zu machen.		Ernährung, Mobilität, Urlaub, Reisen				87580897#87580906#87580932		
1	00:58:56.00	IP_FA	Wir haben zum Beispiel ..., das allerdings habe ich verlernt, ich hol mir noch was Kaffee, aua, [gegen etwas gestoßen], äh, und zwar machten wir im Arbeitsdienst Sahne, ich weiß aber nicht mehr, die machten das aus Magermilch [geht im Raum weiter vom Mikrofon weg und spricht dabei weiter] und, und Zucker und irgendwie kam dann noch ein bisschen Mehl oder was dran [Geschirrklappern], aber auf jeden Fall, ich schütt so, war, schmeckte das herrlich.								
1	00:59:31.00	IP_FA	Wenn wir dann Obstkuchen hatten und dann diese, diese Ersatzsahne dazu ...								
1	00:59:37.00	IP_FA	Das Rezept, also, das Rezept ist mir leider weggekommen. [entfernt sich wieder vom Mikrofon und spricht dabei weiter]								
1	00:59:41.00	IP_FA	Die hatten uns alle diese Notrezepte ... [Geschirrklappern], wir haben Plätzchen gebacken aus Kartoffeln, da muss ich Ihnen ehrlich sagen:								
1	00:59:52.00	IP_FA	Wenn ich das heute noch wüsste!								
1	00:59:53.00	IP_FA	Die haben geschmeckt!								
1	00:59:56.00	IP_FA	Aus geriebenen, gekochten Kartoffeln.								
1	00:59:59.00	INT_AH	Kartoffelpuffer?								
1	01:00:00.00	IP_FA	Nein ![Ausruf]								
1	01:00:01.00	INT_AH	Richtig gebacken?								
1	01:00:02.00	IP_FA	Äh, aus garen Kartoffeln.								
1	01:00:04.00	IP_FA	Aus, aus, äh, richtig gebackene ..., wie Makrönchen sahen die aus.								
1	01:00:09.00	IP_FA	Und die schmeckten, also, ich weiß nicht, wo meine Rezepte hingekommen sind von damals.								
1	01:00:15.00	IP_FA	Die sind mir verloren gegangen.								
1	01:00:16.00	IP_FA	Ich mein, den ganzen Krempel den hab ich Gott sei Dank immer mitgeschleppt.								
1	01:00:21.00	IP_FA	Habe ich sogar schwarz mit über die Grenze, ne.								
1	01:00:24.00	IP_FA	Viele die, ich weiß nicht, was die mit den Papieren gemacht haben.								
1	01:00:28.00	IP_FA	Das Zeug hab ich immer bei mir gehabt.								
1	01:00:31.00	IP_FA	Das ist mir auch nie verloren gegangen. [Tassenklappern]								
1	01:00:34.00	IP_FA	Aber da mit den Russen da über die Grenze, ich kann Ihnen sagen.								
1	01:00:39.00	IP_FA	Wir sind mit dem Kinderwagen ..., streckenweise konnten wir ja nur mit dem Zug fahren.								
1	01:00:43.00	IP_FA	Also hingen die ja auf den Dächern, auf’n, auf’n Puffern saßen die, auf den Trittbrettern standen die Leute.								
1	01:00:50.00	IP_FA	Ne, die Flüchtlinge alle, die von drüben nach hier kamen.								
1	01:00:54.00	IP_FA	Wie wir das eben mit dem Kinderwagen noch geschafft haben reinzukommen, ich weiß ich es nicht.								
1	01:00:58.00	IP_FA	Wir sind auch dann, als wir dann den Amis in die Hände fielen, mussten wir ins Lager Friedland.		Familie, Wohnen, Krieg, Front				87580893#87580898#87580896		
1	01:01:05.00	IP_FA	Da wurden wir ja registriert.								
1	01:01:07.00	IP_FA	Und da wurden wir versorgt.								
1	01:01:09.00	IP_FA	Erst kamen wir in so, irgend so ein, so ein, ich weiß nicht, das sah aus wie so ein altes, wie so eine alte Burg, da waren so große Schlafräume auch drin.								
1	01:01:21.00	IP_FA	Das waren auch so Quadermauern und auch so dreistöckige Betten.								
1	01:01:28.00	IP_FA	Das waren halt alles Notlager, nicht.								
1	01:01:31.00	INT_AH	Wann haben Sie denn jetzt wieder angefangen zu arbeiten, also richtig berufstätig.								
1	01:01:36.00	INT_AH	Wann war das denn?								
1	01:01:39.00	IP_FA	Ich hab ja dann wieder geheiratet.								
1	01:01:40.00	IP_FA	Und dann war ich ne Zeit selbstständig.								
1	01:01:42.00	INT_AH	Wann haben Sie wieder geheiratet?								
1	01:01:44.00	IP_FA	Äh, Moment mal, 49, 54, Oktober 54.								
1	01:01:51.00	IP_FA	Ja, dann kamen noch die Ina und die Andrea.								
1	01:01:58.00	IP_FA	Die Ina die ist 54 geboren, und die Andrea ist 59 geboren.								
1	01:02:03.00	IP_FA	Vom zweiten Mann, nicht.								
1	01:02:07.00	IP_FA	Und, ich war erst todunglücklich über die Andrea.								
1	01:02:14.00	IP_FA	Heute bin ich froh, dass ich die hab.								
1	01:02:16.00	IP_FA	Das beste Pferd im Stall.								
1	01:02:18.00	IP_FA	So, echt.								
1	01:02:20.00	IP_FA	Meine Große ist auch nicht übel.								
1	01:02:22.00	IP_FA	Meine Große ist ein Pechvogel.								
1	01:02:24.00	IP_FA	Ihr fiel ...								
1	01:02:25.00	IP_FA	Ach so, das Ding ist aus.								
1	01:02:27.00	INT_AH	Nee.								
1	01:02:28.00	IP_FA	Läuft das?								
1	01:02:29.00	INT_AH	Ja.		Ausbildung, Lehre, Zeiten, Daten, Presse, Literatur				87580913#87580905#87580927		
1	01:02:30.00	IP_FA	Na dann stoppen Sie das mal.								
1	01:02:30.00	IP_FA	[x]								
1	01:02:32.00	IP_FA	Ich hab zuallererst ne kleine Leihbücherei gehabt.								
1	01:02:37.00	IP_FA	Und das war Moment mal 54 ungefähr, 59, also so ungefähr 1958 habe ich eine kleine Leihbücherei erst gehabt.								
1	01:02:56.00	IP_FA	Das ging ganz gut.								
1	01:02:58.00	IP_FA	Schreibwaren dabei, Zigaretten.								
1	01:03:00.00	IP_FA	Und die Kinder waren dann ..., der Älteste der ging dann schon in die Lehre, der hat bei der Post gelernt und zwar Fernmeldetechniker.								
1	01:03:15.00	IP_FA	Und der Zweite, der ist später zu Ford Fischer gegangen, hat Automechaniker gelernt.								
1	01:03:23.00	IP_FA	Und die Mädchen waren noch klein, die sind ..., die Andrea wurde da erst geboren.								
1	01:03:31.00	IP_FA	Ja, und da hab ich das gemacht.								
1	01:03:34.00	IP_FA	Und dann waren die Wohnverhältnisse in dem Haus sehr schlecht.								
1	01:03:38.00	IP_FA	Das Haus war ziemlich verkommen, da wurde nichts gemacht, da war eine Zwangsverwaltung.								
1	01:03:42.00	IP_FA	Und dann hab ich was größeres bekommen können als Trinkhalle mit Leihbücherei.								
1	01:03:49.00	IP_FA	Und das habe ich dann nachher noch sieben Jahre gemacht.								
1	01:03:54.00	IP_FA	Ja und dann hatte ich aber, wie gesagt, vier Kinder, die Trinkhalle von morgens 7 bis abends um 10 geöffnet.								
1	01:04:05.00	IP_FA	Samstags, sonntags und nebenher die ganze Hausarbeit und alles und das.								
1	01:04:11.00	IP_FA	Da habe ich gesagt, ich kann das nicht mehr.								
1	01:04:13.00	IP_FA	Und da habe ich durch Zufall eben die Arbeit gefunden, die ich heute mache.								
1	01:04:18.00	IP_FA	Die Büroarbeit.								
1	01:04:19.00	IP_FA	Ich traute mich erst nicht.								
1	01:04:20.00	IP_FA	Das heißt, ich habe erst ein Jahr, weil ich mich nicht traute, ne Büroarbeit anzunehmen, da ich annahm, ich könnte das nicht mehr, habe ich ein Jahr bei Giradet gearbeitet.								
1	01:04:33.00	IP_FA	Und das war Knochenarbeit.								
1	01:04:36.00	IP_FA	Da bin ich bald auf nen Hund gekommen.								
1	01:04:39.00	IP_FA	Da müssen Sie ja ..., da wird ja Hobby gemacht, die Zeitschrift ”Hobby” und “Tribüne” und all diese Zeitschriften und auch diese Fotohefte, die Großen.								
1	01:04:52.00	IP_FA	Ja und die mussten in die Maschinen eingelegt werden, rausgenommen werden, verpackt werden.		Zeiten, Daten, Verrauscht 5, Freizeit				87580905#87580941#87580925		
1	01:04:57.00	IP_FA	Das ist echte schwere Arbeit.								
1	01:05:01.00	IP_FA	Und dann kriegte ich ..., ich hab ja nie mehr..., also um diese Zeit immer so 45 Kilo gewogen bei 172 Größe, und da machten meine Handgelenke das nicht mehr, und als ich zum Arzt kam, da wollte ich gerne mal einen Krankenschein haben, die anderen hatten den dauernd, hatten dauernd die Arme in Gips, ich kriegte den nicht, da hat er mir glatt gesagt:								
1	01:05:26.00	IP_FA	Das ist keine Arbeit für sie, die müssen sie aufhören.								
1	01:05:29.00	IP_FA	Und dann habe ich mal in der Zeitung nachgesehen, und da stand da diese Annonce von einer Familie in der Krankenpflege, und da bin ich denn einfach mal hingegangen.								
1	01:05:40.00	IP_FA	Dann hatte ich noch ne Auswahl: 'Michelle', das große Porzellangeschäft.								
1	01:05:44.00	IP_FA	Da ich aber durch die vier Kinder ..., ich war ja gezwungen, mein Mann verdiente ja nichts, finanziell auch eben rechnen musste, alle in der Ausbildung, in der Schule, da habe ich gedacht, nee bei 'Michelle' muss man gut angezogen sein und die Garderobe eben, da hab ich gedacht, die haste nicht.								
1	01:06:12.00	IP_FA	Du hast gute Garderobe, Durchschnittsgarderobe, sportliche Garderobe.								
1	01:06:17.00	IP_FA	Ja und 'Michelle' ist ein, sagen wir mal, ist ein Porzellangeschäft für feine Sachen.								
1	01:06:23.00	IP_FA	Nee, da muss man auch schon ein bisschen attraktiv sein, ein bisschen exklusiv angezogen sein.								
1	01:06:29.00	IP_FA	Sonst passt man nicht in so ein Geschäft.								
1	01:06:32.00	IP_FA	Und die Bürostelle, die gefiel mir von Anfang an, weil es klein und familiär war.								
1	01:06:39.00	IP_FA	Das war quasi zwei Krankenschwestern, ein Buchhalter und, eh, noch eine Kraft.								
1	01:06:49.00	IP_FA	Ja und, dann haben sie mich noch dazu genommen.								
1	01:06:52.00	IP_FA	Und dann hab ich das ganz langsam ..., sind wir immer größer geworden, größer geworden, sind dann nachher auch ausgezogen, weil es zu klein wurde, weil es sich so vergrößert hatte, und hab dann eben da immer die rollende Küche gemacht, also die, sagen wir mal, die, die Leitung der rollenden Küche.								
1	01:07:10.00	IP_FA	Wir haben sechs bis sieben Autos immer am Laufen und immer so 350 bis 400 Teilnehmer.								
1	01:07:21.00	IP_FA	Und das macht mir Spaß.								
1	01:07:24.00	IP_FA	Die Leute rufen oft mal nur an, die Alten, unter irgendeinem Vorwand, nur um zu plauschen, um mal ihr Herz auszuschütten, um paar tröstende Worte zu hören, ne.								
1	01:07:37.00	IP_FA	Manche muss man auch ausschimpfen aber das bleibt nicht über.								
1	01:07:40.00	IP_FA	Äh, das gibt’s welche, das sind notorische Meckerer, ne, also die muss mal echt mal zurechtstutzen.								
1	01:07:47.00	IP_FA	Wenn man das mal gemacht hat, dann geht’s ne Weile wieder.								
1	01:07:50.00	IP_FA	Und wieder andere, wie gesagt, die rufen nur an, um ...								
1	01:07:54.00	IP_FA	Zum Beispiel habe ich einen alten Herrn, da kriege jedes Jahr [betont] einmal im Jahr einen wunderschönen dicken Blumenstrauß gebracht und zu Weihnachten hat er auch immer irgendne Kleinigkeit, entweder ne schöne Schachtel Pralinen oder Gebäck oder wie.								
1	01:08:13.00	IP_FA	Das ist aber auch ein ganz tragischer Fall.								
1	01:08:16.00	IP_FA	Die Frau ... , der ist auch schon ich glaub drei..., 84, die sich hat sich vor ein paar Jahren ..., er ist zum Einkaufen gewesen, sie bildete sich ein, sie sei krank, sie war aber nicht krank, ist die ein paar Tagen vor Weihnachten aus der zweiten Etage gesprungen und war tot.								
1	01:08:34.00	IP_FA	Und er kommt vom Einkaufen nach Hause und seine Frau liegt da.		Arbeit, Repression, Familie, Unternehmen				87580926#87580893#87580895		
1	01:08:39.00	IP_FA	Und der ist so anhänglich, der ist so glücklich, wenn ich ihn hier und da mal anrufe, ne.								
1	01:08:48.00	IP_FA	Und auch manch, viele andere.								
1	01:08:51.00	INT_AH	Eine Ganztagsbeschäftigung?								
1	01:08:53.00	IP_FA	Ja, ja.								
1	01:08:56.00	IP_FA	Ne, also ich muss sagen, mir macht das Spaß.								
1	01:09:00.00	INT_AH	Und wie lange machen Sie das jetzt?								
1	01:09:01.00	IP_FA	Das mache ich jetzt zehn Jahre.								
1	01:09:03.00	INT_AH	Zehn Jahre und bis zu Ihrer Pensionierung.								
1	01:09:07.00	IP_FA	Ja muss ich ja.								
1	01:09:09.00	IP_FA	Mein Mann hat ja nicht geklebt, ne also muss ich bis dahin oder bis mein Mann stirbt, dann kriege ich die Rente des ersten Mannes wieder.								
1	01:09:20.00	IP_FA	Die lebt dann wieder auf.								
1	01:09:23.00	IP_FA	Weil ich von ihm ja keine kriege, ne.								
1	01:09:26.00	IP_FA	Dann lebt die wieder auf und meine käme dann dazu.								
1	01:09:31.00	IP_FA	Ich mein, es das ja das Minimum, leider.								
1	01:09:35.00	IP_FA	Ich hab’s mir ausrechnen lassen.								
1	01:09:37.00	IP_FA	Ich hab grade Bescheid, es sind bis jetzt 313 Mark.								
1	01:09:41.00	INT_AH	Und wie war das jetzt noch?								
1	01:09:44.00	INT_AH	Was wurde nicht anerkannt?								
1	01:09:45.00	IP_FA	[betont] Das Landjahr.								
1	01:09:47.00	INT_AH	Das Landjahr …?								
1	01:09:47.00	IP_FA	Das Landjahr-Lager, was quasi doch als Pflichtjahr zählt.								
1	01:09:51.00	IP_FA	Das ist nicht anerkannt worden.								
1	01:09:54.00	IP_FA	Das heißt, das war Dienst am Volk.								
1	01:09:57.00	INT_AH	Und Haushalt wär aber anerkannt worden.								
1	01:10:01.00	IP_FA	Der Haushalt, wenn ich in einer privaten Stelle gewesen wäre, wäre anerkannt worden.		Ausbildung, Lehre, Gesprächspartikel 3, Ernährung				87580913#87580915#87580897		
1	01:10:05.00	IP_FA	Obwohl wir viel härter arbeiten mussten.								
1	01:10:09.00	IP_FA	Denn die im Haushalt waren, die durften ja auch nach Hause gehen.								
1	01:10:15.00	IP_FA	Die hatten ihre Freizeit.								
1	01:10:17.00	IP_FA	Wir waren [betont] immer unter Kontrolle, ne, wir waren ja immer nur im Lager.								
1	01:10:22.00	IP_FA	Wir waren ja immer unter Aufsicht, nicht.								
1	01:10:27.00	IP_FA	Und die konnten ja halt doch schon mal nach Hause gehen.								
1	01:10:32.00	IP_FA	Die waren ja meistens in der näheren Umgebung untergebracht.								
1	01:10:37.00	IP_FA	Im gleichen Ort, die im Haushalt gearbeitet haben, ne.								
1	01:10:41.00	IP_FA	Ich mein, es gab auch welche, die ein bisschen weiter vielleicht weg waren, das weiß ich nicht.								
1	01:10:47.00	IP_FA	[x][kurze Unterbrechung]								
1	01:10:49.00	IP_FA	Ja, ich sag ja durch das Landjahr und den Arbeitsdienst haben wir gelernt, mit unserer Zeit wirklich was Sinnvolles anzufangen und nicht sinnlos rumzuhängen und nicht, sagen wir mal, nicht weiß was man tun soll.								
1	01:11:08.00	IP_FA	Also ich bin der Meinung, dass man dadurch tatsächlich ne ganze Menge gelernt hat.								
1	01:11:15.00	IP_FA	Man hat ne Menge gelernt.								
1	01:11:18.00	IP_FA	Man hat einstecken gelernt und man hat auch gelernt, sich durchzusetzen.								
1	01:11:22.00	IP_FA	Denn man war manchmal wirklich gezwungen auch sich durchzusetzen, ne.								
1	01:11:27.00	IP_FA	Man hat viel Elend gesehen.								
1	01:11:30.00	IP_FA	Man hat gedacht, nö, guck mal, so kann’s ..., so geht’s anderen.								
1	01:11:35.00	IP_FA	Vor allen Dingen wenn man so wie ich groß geworden ist, im Vollen.								
1	01:11:40.00	IP_FA	Ich mein, ich bin zwar immer schon so veranlagt gewesen, wenn ich zum Beispiel, meine Großmutter die Brötchen mir mitgab und die Scheiben sagen wir mal Schinken oder Dauerwurst so quer darüber legte, dass das an der Seite rausguckte, dann habe ich das in der Schule verschenkt, und habe mir von Kindern, die wirklich …								
1	01:11:42.00	IP_FA	EINGEFÜGT								
1	01:12:04.00										
